,model,aic
0,exponential,-22.987904970464886
1,linear,-10.310739338720293
2,quadratic,-15.614301535304872
3,power law,-19.10443751787655
