,Batch,dt,msd,msd stderr
0,1,1,0.0011244348159731108,0.0004523675709732191
1,1,2,0.004203516955757767,0.0012795689875594446
