,Batch,dt,msd,msd stderr
0,4,1,0.0055430651899211055,0.0013898267781481757
1,4,2,0.009337842218038135,0.001762904354003065
