,Batch,dt,msd,msd stderr
0,3,1,0.0005062590457841763,0.000841099872899372
1,3,2,0.0014545718913550698,0.000832674290200789
