,Batch,dt,msd,msd stderr
0,3,1,0.0014068201623556515,0.00037919772713918107
1,3,2,0.00248486741890286,0.0005362672756815169
