,Batch,dt,msd,msd stderr
0,4,1,0.005226694765543184,0.0008963058561258526
1,4,2,0.011266688473174725,0.0015492695286522808
