,Batch,dt,msd,msd stderr
0,1,1,0.0014196068190541796,0.0009168599232308628
1,1,2,0.007106265062911242,0.0014618906928433402
